ParameterNavn;ParameterName;Unit;SortKey;ParameterID;ParameterGroupID;ParameterGruppeNavn;ParameterGroupName;EurofirComponentID;EurofirUnitID;EurofirMatrixUnitID;EFSA_PARAM_Code;EFSA_PARAM_name;PubChem_CID;KEGG;ChEBI;ChEMBL;HMDB;CAS_Nr;SMILES;Formula;MolWeight;Density;cLogP
Energi (kJ);Energy (kJ);kJ/100g;1010;137;1;Makronæringstoffer m.m.;Macro nutrients etc.;ENERC;kJ;W;RF-00000080-NTR;"energy, total metabolisable; calculated from energy-producing food components";NULL;NULL;NULL;NULL;NULL;NULL;NULL;NULL;NULL;NULL;NULL
Energi, deklaration (kJ);Energy, labelling (kJ);kJ/100g;1020;316;1;Makronæringstoffer m.m.;Macro nutrients etc.;ENERC;kJ;W;RF-00000080-NTR;"energy, total metabolisable; calculated from energy-producing food components";NULL;NULL;NULL;NULL;NULL;NULL;NULL;NULL;NULL;NULL;NULL
Energi (kcal);Energy (kcal);kcal/100 g;1030;356;1;Makronæringstoffer m.m.;Macro nutrients etc.;ENERC;kcal;W;RF-00000080-NTR;"energy, total metabolisable; calculated from energy-producing food components";NULL;NULL;NULL;NULL;NULL;NULL;NULL;NULL;NULL;NULL;NULL
Energi, deklaration (kcal);Energy, labelling (kcal);kcal/100 g;1040;359;1;Makronæringstoffer m.m.;Macro nutrients etc.;ENERC;kcal;W;RF-00000080-NTR;"energy, total metabolisable; calculated from energy-producing food components";NULL;NULL;NULL;NULL;NULL;NULL;NULL;NULL;NULL;NULL;NULL
Protein;Protein;g/100g;1110;218;1;Makronæringstoffer m.m.;Macro nutrients etc.;PROT;g;W;RF-00000374-NTR;protein, total;NULL;NULL;NULL;NULL;NULL;NULL;NULL;NULL;NULL;NULL;NULL
Protein fra Aminosyrer;Protein from Amino Acids;g/100g;1120;421;1;Makronæringstoffer m.m.;Macro nutrients etc.;PROT;g;W;RF-00000374-NTR;protein, total;NULL;NULL;NULL;NULL;NULL;NULL;NULL;NULL;NULL;NULL;NULL
Protein, deklaration;Protein, labeling;g/100g;1130;317;1;Makronæringstoffer m.m.;Macro nutrients etc.;PROT;g;W;RF-00000374-NTR;protein, total;NULL;NULL;NULL;NULL;NULL;NULL;NULL;NULL;NULL;NULL;NULL
Kulhydrat difference;Carbohydrate by difference;g/100g;1210;170;1;Makronæringstoffer m.m.;Macro nutrients etc.;CHOT;g;W;RF-00000043-NTR;carbohydrate, total;NULL;NULL;NULL;NULL;NULL;NULL;NULL;NULL;NULL;NULL;NULL
Tilgængelig kulhydrat;Available carbohydrates;g/100g;1220;172;1;Makronæringstoffer m.m.;Macro nutrients etc.;CHO;g;W;RF-00000042-NTR;carbohydrate;NULL;NULL;NULL;NULL;NULL;NULL;NULL;NULL;NULL;NULL;NULL
Tilgængelig kulhydrat, deklaration;Available carbohydrate, labelling;g/100g;1230;318;1;Makronæringstoffer m.m.;Macro nutrients etc.;CHO;g;W;NULL;NULL;NULL;NULL;NULL;NULL;NULL;NULL;NULL;NULL;NULL;NULL;NULL
Kostfibre;Dietary fibre;g/100g;1240;168;1;Makronæringstoffer m.m.;Macro nutrients etc.;FIBT;g;W;RF-00000284-NTR;fibre, total dietary;NULL;NULL;NULL;NULL;NULL;NULL;NULL;NULL;NULL;NULL;NULL
Fedt;Fat;g/100g;1310;141;1;Makronæringstoffer m.m.;Macro nutrients etc.;FAT;g;W;RF-00000086-NTR;fat, total (total lipid);NULL;NULL;NULL;NULL;NULL;NULL;NULL;NULL;NULL;NULL;NULL
Alkohol;Alcohol;g/100g;1410;19;1;Makronæringstoffer m.m.;Macro nutrients etc.;ALC;g;W;RF-00000007-NTR;alcohol (ethanol);702;C00469;CHEBI:16236;CHEMBL545;HMDB0000108;64-17-5;CCO;C2H6O;46,069;0,7893;-0,3
Salt deklaration;Salt labelling;g/100g;1510;327;1;Makronæringstoffer m.m.;Macro nutrients etc.;NACL;g;W;RF-00009174-PAR;Sodium chloride;5234;D02056;CHEBI:26710;CHEMBL1200574;NULL;7647-14-5;[Na+][Cl-];NaCl;58,443;2,17;NULL
Aske;Ash;g/100g;1520;33;1;Makronæringstoffer m.m.;Macro nutrients etc.;ASH;g;W;RF-00000026-NTR;ash (minerals);NULL;NULL;NULL;NULL;NULL;NULL;NULL;NULL;NULL;NULL;NULL
Tørstof;Dry matter;g/100g;1610;265;1;Makronæringstoffer m.m.;Macro nutrients etc.;DRYMAT;g;W;RF-00000077-NTR;dry matter;NULL;NULL;NULL;NULL;NULL;NULL;NULL;NULL;NULL;NULL;NULL
Vand;Water;g/100g;1620;268;1;Makronæringstoffer m.m.;Macro nutrients etc.;WATER;g;W;RF-00008541-PAR;Water;962;C00001;CHEBI:15377;CHEMBL1098659;HMDB0002111;7732-18-5;O;OH2;18,015;0,9970474;NULL
A-vitamin;Vitamin A;RE (µg/100g);2010;12;3;Vitaminer;Vitamins;VITA;ug;W;NULL;NULL;NULL;NULL;NULL;NULL;NULL;NULL;NULL;NULL;NULL;NULL;NULL
Retinol;Retinol;µg/100g;2020;225;3;Vitaminer;Vitamins;RETOLAT;ug;W;RF-00000384-NTR;retinol (preformed vitamin A);445354;C00473;CHEBI:17336;CHEMBL986;HMDB0000305;68-26-8;OC/C=C(C)/C=C/C=C(C)/C=C/C1=C(C)/CCCC1(C)C;C20H30O;286,452;0,954;5,7
beta-Caroten;beta-Carotene;µg/100g;2030;303;3;Vitaminer;Vitamins;CARTBTRANS;ug;W;RF-00000030-NTR;beta-carotene;5280489;C02094;CHEBI:17579;CHEMBL1293;HMDB0000561;7235-40-7;CC2(C)CCCC(\C)=C2\C=C\C(\C)=C\C=C\C(\C)=C\C=C\C=C(/C)\C=C\C=C(/C)\C=C\C1=C(/C)CCCC1(C)C;C40H56;536,888;1;12
cis-beta-Carotene;cis-beta-Caroten;µg/100g;2031;440;3;Vitaminer;Vitamins;CARTBCIS;ug;W;NULL;NULL;NULL;NULL;NULL;NULL;NULL;NULL;NULL;C40H56;536,888;NULL;NULL
D-vitamin;Vitamin D;µg/100g;2110;126;3;Vitaminer;Vitamins;VITD;ug;W;RF-00000427-NTR;vitamin D;NULL;NULL;NULL;NULL;NULL;NULL;NULL;NULL;NULL;NULL;NULL
D3-vitamin;Vitamin D3;µg/100g;2120;128;3;Vitaminer;Vitamins;CHOCAL;ug;W;RF-00000051-NTR;cholecalciferol;5280795;C05443;CHEBI:28940;CHEMBL1042;HMDB0000876;67-97-0;O[C@@H]1CC(\C(=C)CC1)=C\C=C2/CCC[C@]3([C@H]2CC[C@@H]3[C@H](C)CCCC(C)C)C;C27H44O;384,64;NULL;7,3
D2-vitamin;Vitamin D2;µg/100g;2130;127;3;Vitaminer;Vitamins;ERGCAL;ug;W;RF-00000082-NTR;ergocalciferol;5280793;C05441;CHEBI:28934;CHEMBL1536;HMDB0000900;50-14-6;O[C@@H]1CC(\C(=C)CC1)=C\C=C2/CCC[C@]3([C@H]2CC[C@@H]3[C@@H](/C=C/[C@H](C)C(C)C)C)C;C28H44O;396,65;NULL;7,2
25-hydroxy D3-vitamin;25-hydroxy vitamin D3 ;µg/100g;2140;11;3;Vitaminer;Vitamins;CHOCALOH;ug;W;RF-00000004-NTR;25-hydroxycholecalciferol;5283731;C01561;CHEBI:17933;CHEMBL1040;HMDB0003550;19356-17-3;O[C@@H]1CC(\C(=C)CC1)=C\C=C2/CCC[C@]3([C@H]2CC[C@@H]3[C@H](C)CCCC(O)(C)C)C;C27H44O2;400,64;NULL;5,8
25-hydroxy D2-vitamin;25-hydroxy Vitamin D2;µg/100g;2150;354;3;Vitaminer;Vitamins;ERGCALOH;ug;W;NULL;NULL;5710148;NULL;CHEBI:86319;NULL;HMDB0001438;21343-40-8;C=C1CC[C@H](O)C/C1=C/C=C1\CCC[C@@]2(C)[C@H]1CC[C@@H]2[C@H](C)/C=C/[C@H](C)C(C)(C)O;C28H44O2;412,648;NULL;5,7
E-vitamin;Vitamin E;alfa-TE;2210;135;3;Vitaminer;Vitamins;VITE;mg;W;RF-00000428-NTR;"vitamin E; alpha-tocopherol equiv from E vitamer activities";NULL;NULL;CHEBI:33234;NULL;NULL;NULL;NULL;NULL;NULL;NULL;NULL
alfa-Tokoferol;alpha-Tocopherol;mg/100g;2220;276;3;Vitaminer;Vitamins;TOCPHA;mg;W;RF-00000029-ADD;Alpha-tocopherol;14985;C02477;CHEBI:18145;CHEMBL47;HMDB0001893;59-02-9;Oc2c(c(c1O[C@](CCc1c2C)(C)CCC[C@H](C)CCC[C@H](C)CCCC(C)C)C)C;C29H50O2;430,71;0,95;9,8
beta-Tokoferol;beta-Tocopherol;mg/100g;2222;279;3;Vitaminer;Vitamins;TOCPHB;mg;W;RF-00000033-NTR;beta-tocopherol;6857447;C14152;CHEBI:47771;NULL;HMDB0006335;148-03-8;CC1=CC(=C(C2=C1O[C@](CC2)(C)CCC[C@H](C)CCC[C@H](C)CCCC(C)C)C)O;C28H48O2;416,68;NULL;9,5
gamma-Tokoferol;gamma-Tocopherol;mg/100g;2230;286;3;Vitaminer;Vitamins;TOCPHG;mg;W;RF-00000135-ADD;Gamma-tocopherol;92729;C02483;CHEBI:18185;CHEMBL2151591;HMDB0001492;54-28-4;C[C@H](CCC[C@H](C)CCCC(C)C)CCC[C@@]2(C)OC1=C(C)C(C)=C(O)C=C1CC2;C28H48O2;416,68;NULL;9,5
delta-Tokoferol;delta-Tocopherol;mg/100g;2240;282;3;Vitaminer;Vitamins;TOCPHD;mg;W;RF-00000110-ADD;Delta-tocopherol;92094;C14151;CHEBI:47772;CHEMBL1451395;HMDB0002902;119-13-1;Oc2cc(c1O[C@](CCc1c2)(C)CCC[C@H](C)CCC[C@H](C)CCCC(C)C)C;C27H46O2;402,65;NULL;9
alfa-Tokotrienol;alpha-Tocotrienol;mg/100g;2250;277;3;Vitaminer;Vitamins;TOCTRA;mg;W;NULL;NULL;5282347;NULL;CHEBI:33270;CHEMBL120276;NULL;1721-51-3;C[C@]1(CC/C=C(C)/CC/C=C(C)/CC/C=C(C)/C)OC2=C(C)C(C)=C(O)C(C)=C2CC1;C29H44O2;424,66;NULL;8,6
K1-vitamin;Vitamin K1;µg/100g;2310;164;3;Vitaminer;Vitamins;VITK1;ug;W;RF-00000430-NTR;vitamin K-1;5284607;C02059;CHEBI:18067;CHEMBL1550;HMDB0003555;84-80-0;CC1=C(C(=O)c2ccccc2C1=O)C/C=C(\C)/CCC[C@H](C)CCC[C@H](C)CCCC(C)C;C31H46O2;451;NULL;9,1
Menaquinon 4;Menaquinone 4;µg/100g;2311;433;3;Vitaminer;Vitamins;MK4;ug;W;RF-00000337-NTR;Menaquinone-4;4056;NULL;NULL;CHEMBL259223;HMDB0259856;11032-49-8;CC1=C(C(=O)C2=CC=CC=C2C1=O)CC=C(C)CCC=C(C)CCC=C(C)CCC=C(C)C;C31H40O2;444.659;NULL;NULL
Menaquinon 5;Menaquinone 5;µg/100g;2312;434;3;Vitaminer;Vitamins;MK5;ug;W;RF-00000338-NTR;Menaquinone-5;14009404;NULL;NULL;CHEMBL4297659;NULL;1182-68-9;CC(C)=CCC/C(C)=C/CC/C(C)=C/CC/C(C)=C/CC/C(C)=C/CC1=C(C)C(=O)c2ccccc2C1=O;C36H48O2;512.78;NULL;NULL
Menaquinon 6;Menaquinone 6;µg/100g;2313;435;3;Vitaminer;Vitamins;MK6;ug;W;RF-00000339-NTR;Menaquinone-6;92731;NULL;NULL;CHEMBL5314971;HMDB0254434;84-81-1;CC(C)=CCCC(C)=CCCC(C)=CCCC(C)=CCCC(C)=CCCC(C)=CCC1=C(C)C(=O)C2=CC=CC=C2C1=O;C41H56O2;580.897;NULL;NULL
Menaquinon 7;Menaquinone 7;µg/100g;2314;436;3;Vitaminer;Vitamins;MK7;ug;W;RF-00000340-NTR;Menaquinone-7;75038;NULL;NULL;CHEMBL1230575;HMDB0254436;2124-57-4;CC(C)=CCCC(C)=CCCC(C)=CCCC(C)=CCCC(C)=CCCC(C)=CCCC(C)=CCC1=C(C)C(=O)C2=CC=CC=C2C1=O;C46H64O2;649.016;NULL;NULL
Menaquinon 8;Menaquinone 8;µg/100g;2315;437;3;Vitaminer;Vitamins;MK8;ug;W;RF-00000341-NTR;Menaquinone-8;1184;NULL;CHEBI:205208;NULL;HMDB0254435;523-38-6;CC(C)=CCCC(C)=CCCC(C)=CCCC(C)=CCCC(C)=CCCC(C)=CCCC(C)=CCCC(C)=CCC1=C(C)C(=O)C2=CC=CC=C2C1=O;C51H72O2;717.135;NULL;NULL
Menaquinon 9;Menaquinone 9;µg/100g;2316;438;3;Vitaminer;Vitamins;MK9;ug;W;RF-00000342-NTR;Menaquinone-9;160508;C21526;44147;NULL;HMDB0254437;523-39-7;CC(C)=CCCC(C)=CCCC(C)=CCCC(C)=CCCC(C)=CCCC(C)=CCCC(C)=CCCC(C)=CCCC(C)=CCC1=C(C)C(=O)C2=CC=CC=C2C1=O;C56H80O2;785.254;NULL;NULL
Menaquinon 10;Menaquinone 10;µg/100g;2317;439;3;Vitaminer;Vitamins;MK10;ug;W;RF-00000333-NTR;Menaquinone-10;9988135;NULL;NULL;NULL;NULL;523-40-0;CC1=C(C(=O)C2=CC=CC=C2C1=O)CC=C(C)CCC=C(C)CCC=C(C)CCC=C(C)CCC=C(C)CCC=C(C)CCC=C(C)CCC=C(C)CCC=C(C)CCC=C(C)C;C61H88O2;853.3;NULL;NULL
K2-vitamin;Vitamin K2;µg/100g;2318;441;3;Vitaminer;Vitamins;VITK2;ug;W;RF-00000431-NTR;vitamin K-2 (menaquinone);NULL;C00828;NULL;NULL;NULL;27670-94-6;NULL;C11H8O2[C5H8]n;NULL;NULL;NULL
K-vitamin;Vitamin K;µg/100g;2319;442;3;Vitaminer;Vitamins;VITK;ug;W;RF-00000429-NTR;vitamin K, total;NULL;C01628;NULL;NULL;NULL;12001-79-5;NULL;C11H8O2[C5H8]n;NULL;NULL;NULL
Thiamin (B1-vitamin);Thiamin (Vitamin B1);mg/100g;2410;37;3;Vitaminer;Vitamins;THIA;mg;W;RF-00000411-NTR;thiamin;1130;C00378;CHEBI:18385;CHEMBL1547;HMDB0000235;70-16-6;Cc1c(sc[n+]1Cc2cnc([nH]c2=N)C)CCO;C12H17N4OS+;265,35;NULL;NULL
Thiamin;Thiamine;mg/100g;2420;36;3;Vitaminer;Vitamins;THIA;mg;W;RF-00000411-NTR;thiamin;1130;C00378;CHEBI:18385;CHEMBL1547;HMDB0000235;70-16-6;Cc1c(sc[n+]1Cc2cnc([nH]c2=N)C)CCO;C12H17N4OS+;265,35;NULL;NULL
Riboflavin (B2-vitamin);Riboflavin (Vitamin B2);mg/100g;2510;39;3;Vitaminer;Vitamins;RIBF;mg;W;RF-00000385-NTR;riboflavin;493570;D00050;CHEBI:17015;CHEMBL1534;HMDB0000244;83-88-5;c12cc(C)c(C)cc1N=C3C(=O)NC(=O)N=C3N2C[C@H](O)[C@H](O)[C@H](O)CO;C17H20N4O6;376,369;1,65;-1,9
Niacinækvivalent;Niacin equivalent;NE;2610;203;3;Vitaminer;Vitamins;NIAEQ;mg;W;RF-00000347-NTR;niacin equivalents, total;NULL;NULL;NULL;NULL;NULL;NULL;NULL;NULL;NULL;NULL;NULL
Niacin;Niacin;mg/100g;2620;294;3;Vitaminer;Vitamins;NICOTAC;mg;W;RF-00000441-NTR;niacin;938;D00049;CHEBI:15940;CHEMBL573;HMDB0001488;59-67-6;OC(=O)c1cccnc1;C6H5NO2;123,111;1,473;0,3
B6-vitamin;Vitamin B6;mg/100g;2710;40;3;Vitaminer;Vitamins;VITB6;mg;W;RF-00001731-PAR;Pyridoxal 5'-phosphate;1051;C00018;CHEBI:18405;CHEMBL82202;HMDB0001491;NULL;NULL;NULL;NULL;NULL;-0,7
Pantotensyre;Pantothenic acid;mg/100g;2720;210;3;Vitaminer;Vitamins;PANTAC;mg;W;RF-00000357-NTR;pantothenic acid (vitamin B5);6613;D07413;CHEBI:7916;CHEMBL1594;HMDB0000210;79-83-4;CC(C)(CO)[C@H](C(=O)NCCC(=O)O)O;C9H17NO5;219,237;1,266;-1,4
Biotin;Biotin;µg/100g;2730;42;3;Vitaminer;Vitamins;BIOT;ug;W;RF-00000036-NTR;biotin;171548;D00029;CHEBI:15956;CHEMBL857;HMDB0000030;58-85-5;O=C1N[C@@H]2[C@@H](SC[C@@H]2N1)CCCCC(=O)O;C10H16N2O3S;244,31;NULL;-0,4
Folat;Folate;µg/100g;2810;143;3;Vitaminer;Vitamins;FOL;ug;W;RF-00000438-NTR;folate;135398658;C00504;CHEBI:27470;CHEMBL1622;HMDB0000121;59-30-3;n1c2C(=O)NC(N)=Nc2ncc1CNc3ccc(cc3)C(=O)N[C@H](C(O)=O)CCC(O)=O;C19H19N7O6;441,404;1,6;-0,8
Frit folat;Folate, free;µg/100g;2820;145;3;Vitaminer;Vitamins;FOLFRE;ug;W;RF-00000288-NTR;folate, free;135398658;C00504;CHEBI:27470;CHEMBL1622;HMDB0000121;59-30-3;n1c2C(=O)NC(N)=Nc2ncc1CNc3ccc(cc3)C(=O)N[C@H](C(O)=O)CCC(O)=O;C19H19N7O6;441,404;1,6;-0,8
B12-vitamin;Vitamin B12;µg/100g;2830;38;3;Vitaminer;Vitamins;VITB12;ug;W;RF-00000424-NTR;vitamin B-12;24892734;D00166;CHEBI:17439;CHEMBL2110563;HMDB0000607;68-19-9;NC(=O)C[C@@]8(C)[C@H](CCC(N)=O)C=2/N=C8/C(/C)=C1/[C@@H](CCC(N)=O)[C@](C)(CC(N)=O)[C@@](C)(N1[Co+]C#N)[C@@H]7/N=C(C(\C)=C3/N=C(/C=2)C(C)(C)[C@@H]3CCC(N)=O)[C@](C)(CCC(=O)NCC(C)OP([O-])(=O)O[C@@H]6[C@@H](CO)O[C@H](n5cnc4cc(C)c(C)cc45)[C@@H]6O)[C@H]7CC(N)=O;C63H88CoN14O14P;1.355,39;NULL;NULL
C-vitamin;Vitamin C;mg/100g;2910;47;3;Vitaminer;Vitamins;VITC;mg;W;RF-00000426-NTR;vitamin C (ascorbic acid);NULL;NULL;NULL;NULL;NULL;NULL;NULL;NULL;NULL;NULL;NULL
Ascorbinsyre;Ascorbic acid;mg/100g;2920;175;3;Vitaminer;Vitamins;ASCL;mg;W;RF-00000046-ADD;Ascorbic acid;54670067;D00018;CHEBI:29073;CHEMBL196;HMDB0000044;50-81-7;OC[C@H](O)[C@H]1OC(=O)C(=C1O)O;C6H8O6;176,124;1,694;-1,9
Dehydroascorbinsyre;Dehydroascorbic acid;mg/100g;2930;177;3;Vitaminer;Vitamins;ASCDL;mg;W;RF-00000320-NTR;L-dehydroascorbic acid;440667;C05422;CHEBI:27956;CHEMBL174035;HMDB0001264;490-83-5;O=C1C(=O)C(=O)O[C@@H]1[C@@H](O)CO;C6H6O6;174,108;NULL;-1,2
Natrium;Sodium;mg/100g;3010;201;4;Mineraler og uorganisk;Minerals and inorganic;NA;mg;W;RF-00000067-CHE;Sodium (Na);923;C01330;CHEBI:29101;NULL;HMDB0000588;17341-25-2;[Na+];Na+;22,99;NULL;NULL
Kalium;Potassium;mg/100g;3020;165;4;Mineraler og uorganisk;Minerals and inorganic;K;mg;W;RF-00000053-CHE;Potassium (K);813;C00238;CHEBI:29103;NULL;HMDB0000586;24203-36-9;[K+];K+;39,098;NULL;NULL
Calcium;Calcium;mg/100g;3030;108;4;Mineraler og uorganisk;Minerals and inorganic;CA;mg;W;RF-00000007-CHE;Calcium (Ca);271;C00076;CHEBI:29108;NULL;HMDB0000464;14127-61-8;[Ca+2];Ca++;40,078;NULL;NULL
Magnesium;Magnesium;mg/100g;3040;184;4;Mineraler og uorganisk;Minerals and inorganic;MG;mg;W;RF-00000060-CHE;Magnesium (Mg);888;C00305;CHEBI:18420;NULL;HMDB0000547;22537-22-0;[Mg+2];Mg++;24,305;NULL;NULL
Rubidium;Rubidium;µg/100g;3050;227;4;Mineraler og uorganisk;Minerals and inorganic;RB;ug;W;RF-00000387-NTR;rubidium;105153;C17061;CHEBI:49847;NULL;HMDB0001327;22537-38-8;[Rb+];Rb+;85,468;NULL;NULL
Jern;Iron;mg/100g;3110;162;4;Mineraler og uorganisk;Minerals and inorganic;FE;mg;W;RF-00000164-CHE;Iron (Fe);27284;C14818;CHEBI:29033;NULL;HMDB0000692;15438-31-0;[Fe+2];Fe++;55,84;NULL;NULL
Kobber;Copper;mg/100g;3120;166;4;Mineraler og uorganisk;Minerals and inorganic;CU;mg;W;RF-00000167-CHE;Copper (Cu);27099;C00070;CHEBI:29036;CHEMBL55643;HMDB0000657;15158-11-9;[Cu+2];Cu++;63,546;NULL;NULL
Zink;Zinc;mg/100g;3130;274;4;Mineraler og uorganisk;Minerals and inorganic;ZN;mg;W;RF-00000205-CHE;Zinc (Zn);32051;C00038;CHEBI:29105;CHEMBL1236970;HMDB0015532;23713-49-7;[Zn+2];Zn++;65,38;NULL;NULL
Mangan;Manganese;mg/100g;3140;187;4;Mineraler og uorganisk;Minerals and inorganic;MN;mg;W;RF-00000176-CHE;Manganese (Mn);27854;C19610;CHEBI:29035;NULL;HMDB0001333;16397-91-4;[Mn+2];Mn++;54,938;NULL;NULL
Krom;Chromium;µg/100g;3150;117;4;Mineraler og uorganisk;Minerals and inorganic;CR;ug;W;RF-00000152-CHE;Chromium (Cr);27668;C19368;CHEBI:49544;NULL;HMDB0000599;16065-83-1;[Cr+3];Cr+++;51,99;NULL;NULL
Molybdæn;Molybdenum;µg/100g;3160;190;4;Mineraler og uorganisk;Minerals and inorganic;MO;ug;W;RF-00000179-CHE;Molybdenum (Mo);23932;C00150;CHEBI:49446;NULL;HMDB0001302;16065-87-5;[Mo+6];Mo6+;95,95;NULL;NULL
Cobolt;Cobalt;µg/100g;3170;120;4;Mineraler og uorganisk;Minerals and inorganic;CO;ug;W;RF-00000161-CHE;Cobalt (Co);104729;C00175;CHEBI:48828;NULL;HMDB0000608;22541-53-3;[Co+2];Co++;58,93;NULL;NULL
Selen;Selenium;µg/100g;3210;230;4;Mineraler og uorganisk;Minerals and inorganic;SE;ug;W;RF-00000184-CHE;Selenium (Se);6326970;C01529;CHEBI:27568;NULL;HMDB0001349;7782-49-2;[Se];Se;78,971;NULL;NULL
Aluminium;Aluminum;mg/100g;3220;20;4;Mineraler og uorganisk;Minerals and inorganic;AL;mg;W;RF-00000124-CHE;Aluminum (Al);104727;C06264;CHEBI:49470;NULL;HMDB0001247;22537-23-1;[Al+3];Al+++;26,98;NULL;NULL
Silicium;Silicon;mg/100g;3230;234;4;Mineraler og uorganisk;Minerals and inorganic;SI;mg;W;RF-00000072-CHE;Silicon;4082203;C06263;CHEBI:30584;NULL;HMDB0002175;22537-24-2;[Si+4];(Si)4+;28,086;NULL;NULL
Bor;Boron;µg/100g;3240;44;4;Mineraler og uorganisk;Minerals and inorganic;B;ug;W;RF-00000147-CHE;Boron (B);5460517;C06266;CHEBI:30168;NULL;HMDB0002386;7440-42-8;[B+3];B+++;10,8;NULL;NULL
Fosfor;Phosphorus;mg/100g;3310;214;4;Mineraler og uorganisk;Minerals and inorganic;P;mg;W;RF-00000030-CHE;phosphates;1061;C00009;CHEBI:18367;NULL;HMDB0001429;14265-44-2;[O-]P(=O)([O-])[O-];(PO4)3-;94,971;NULL;NULL
Fluor;Fluorine;µg/100g;3320;142;4;Mineraler og uorganisk;Minerals and inorganic;FD;ug;W;RF-00000028-CHE;Fluoride;28179;C00742;CHEBI:17051;CHEMBL1362;HMDB0000662;16984-48-8;[F-];F-;18,998;NULL;NULL
Chlorid;Chloride;mg/100g;3330;114;4;Mineraler og uorganisk;Minerals and inorganic;CLD;mg;W;RF-00009181-PAR;Chloride;312;C00698;CHEBI:17996;CHEMBL19429;HMDB0000492;16887-00-6;[Cl-];Cl-;35,453;NULL;NULL
Brom;Bromine;µg/100g;3340;46;4;Mineraler og uorganisk;Minerals and inorganic;BRD;ug;W;RF-00000003-CHE;Bromine (Br);259;C01324;CHEBI:15858;CHEMBL11685;HMDB0002500;24959-67-9;[Br-];Br-;79,9;NULL;NULL
Jod;Iodine;µg/100g;3350;163;4;Mineraler og uorganisk;Minerals and inorganic;ID;ug;W;RF-00000050-CHE;Iodine;30165;C00708;CHEBI:16382;CHEMBL185537;HMDB0012238;20461-54-5;[I-];I-;126,9;NULL;0,9
Svovl;Sulfur;mg/100g;3360;253;4;Mineraler og uorganisk;Minerals and inorganic;S;mg;W;RF-00000111-CHE;Sulfur (S);5362487;C00087;CHEBI:26833;CHEMBL2105487;NULL;7704-34-9;[S];S;32,065;NULL;NULL
Nikkel;Nickel;µg/100g;3410;204;4;Mineraler og uorganisk;Minerals and inorganic;NI;ug;W;RF-00000182-CHE;Nickel (Ni);934;C19609;CHEBI:49786;CHEMBL56175;HMDB0002457;14701-22-5;[Ni+2];Ni++;58,693;NULL;NULL
Kviksølv;Mercury;µg/100g;3420;174;4;Mineraler og uorganisk;Minerals and inorganic;HG;ug;W;RF-00000170-CHE;Total mercury;26623;C00703;CHEBI:16793;NULL;HMDB0003625;14302-87-5;[Hg+2];Hg++;200,59;NULL;NULL
Arsen;Arsenic;µg/100g;3430;32;4;Mineraler og uorganisk;Minerals and inorganic;AS;ug;W;RF-00000128-CHE;Arsenic (As);104734;C06269;CHEBI:35828;NULL;HMDB0002290;22541-54-4;[As+3];As+++;74,92;NULL;NULL
Cadmium;Cadmium;µg/100g;3440;107;4;Mineraler og uorganisk;Minerals and inorganic;CD;ug;W;RF-00009880-PAR;Cadmium(II);31193;C01413;CHEBI:48775;NULL;HMDB0003638;22537-48-0;[Cd+2];Cd++;112,41;NULL;NULL
Bly;Lead;µg/100g;3450;43;4;Mineraler og uorganisk;Minerals and inorganic;PB;ug;W;RF-00000174-CHE;Lead (Pb);73212;C06696;CHEBI:49807;NULL;HMDB0004628;14280-50-3;[Pb++];Pb++;207,21;NULL;NULL
Tin;Tin;µg/100g;3460;260;4;Mineraler og uorganisk;Minerals and inorganic;SN;ug;W;RF-00000193-CHE;Tin (Sn) (Total);4077523;NULL;CHEBI:30476;NULL;HMDB0001960;22537-50-4;[Sn+4];(Sn)4+;118,71;NULL;NULL
Sum mineraler;Sum minerals;mg/100g;3500;443;4;Mineraler og uorganisk;Minerals and inorganic;GRP_MIN;mg;W;NULL;NULL;NULL;NULL;NULL;NULL;NULL;NULL;NULL;NULL;NULL;NULL;NULL
Fruktose;Fructose;g/100g;4010;146;6;Sukkerstoffer;Sugars;FRUS;g;W;RF-00000292-NTR;fructose;439163;C00095;CHEBI:37721;CHEMBL604608;HMDB0062538;57-48-7;O[C@H]1[C@H](O)[C@H](O[C@]1(O)CO)CO;C6H12O6;180,156;1,694;-2,9
Galaktose;Galactose;g/100g;4020;148;6;Sukkerstoffer;Sugars;GALS;g;W;RF-00000294-NTR;galactose;439357;D04291;CHEBI:28061;CHEMBL195923;HMDB0000143;59-23-4;O[C@H]1[C@@H](O)[C@H](O[C@H](O)[C@@H]1O)CO;C6H12O6;180,156;1,5;-2,6
Glukose;Glucose;g/100g;4030;149;6;Sukkerstoffer;Sugars;GLUS;g;W;RF-00000298-NTR;glucose;5793;C00031;CHEBI:4167;CHEMBL1222250;HMDB0000122;50-99-7;OC[C@H]1OC(O)[C@H](O)[C@@H](O)[C@@H]1O;C6H12O6;180,156;1,54;-3,2
Sum monosakkarider;Sum monosaccharides;g/100g;4040;191;6;Sukkerstoffer;Sugars;MNSAC;g;W;RF-00000344-NTR;monosaccharides, total;NULL;NULL;NULL;NULL;NULL;NULL;NULL;NULL;NULL;NULL;NULL
Laktose;Lactose;g/100g;4110;179;6;Sukkerstoffer;Sugars;LACS;g;W;RF-00000318-NTR;lactose;440995;C01970;CHEBI:17716;CHEMBL417016;HMDB0000186;63-42-3;C([C@@H]1[C@@H]([C@@H]([C@H]([C@@H](O1)O[C@@H]2[C@H](O[C@H]([C@@H]([C@H]2O)O)O)CO)O)O)O)O;C12H22O11;342,297;1,525;-4,4
Maltose;Maltose;g/100g;4120;185;6;Sukkerstoffer;Sugars;MALS;g;W;RF-00000329-NTR;maltose;3508;C00208;CHEBI:17306;CHEMBL1908365;HMDB0000163;69-79-4;[H][C@@]1([C@@H]([C@H]([C@@H](O[C@@H]1CO)O)O)O)O[C@@](O[C@@H]([C@H]([C@@H]2O)O)CO)([C@@H]2O)[H];C12H22O11;342,297;1,54;-4,7
Sakkarose;Sucrose;g/100g;4130;228;6;Sukkerstoffer;Sugars;SUCS;g;W;RF-00000404-NTR;sucrose;5988;C00089;CHEBI:17992;CHEMBL253582;HMDB0000258;57-50-1;O1[C@H](CO)[C@@H](O)[C@H](O)[C@@H](O)[C@H]1O[C@@]2(O[C@@H]([C@@H](O)[C@@H]2O)CO)CO;C12H22O11;342,3;1,587;-3,7
Sum disakkarider;Sum disaccharides;g/100g;4140;18;6;Sukkerstoffer;Sugars;DISAC;g;W;RF-00000074-NTR;disaccharides, total;NULL;NULL;NULL;NULL;NULL;NULL;NULL;NULL;NULL;NULL;NULL
Raffinose;Raffinose;g/100g;4220;222;6;Sukkerstoffer;Sugars;RAFS;g;W;RF-00000382-NTR;raffinose;439242;C00492;CHEBI:16634;CHEMBL603717;HMDB0003213;512-69-6;C([C@@H]1[C@@H]([C@@H]([C@H]([C@H](O1)OC[C@@H]2[C@H]([C@@H]([C@H]([C@H](O2)O[C@]3([C@H]([C@@H]([C@H](O3)CO)O)O)CO)O)O)O)O)O)O)O;C18H32O16;504,438;1,8;-5,6
Sum sukkerarter;Sum sugars;g/100g;4410;245;6;Sukkerstoffer;Sugars;SUGAR;g;W;RF-00000407-NTR;sugars, total;NULL;NULL;NULL;NULL;NULL;NULL;NULL;NULL;NULL;NULL;NULL
Tilsat Sukker;Added Sugar;g/100g;4420;417;6;Sukkerstoffer;Sugars;SUGAD;g;W;RF-00000405-NTR;sugar, added;NULL;NULL;NULL;NULL;NULL;NULL;NULL;NULL;NULL;NULL;NULL
Frie sukkerarter;Free Sugars;g/100g;4430;418;6;Sukkerstoffer;Sugars;SUGAR;g;W;RF-00000407-NTR;sugars, total;NULL;NULL;NULL;NULL;NULL;NULL;NULL;NULL;NULL;NULL;NULL
Sorbitol;Sorbitol;g/100g;4510;237;6;Sukkerstoffer;Sugars;SORTL;g;W;RF-00000395-NTR;sorbitol;5780;C00794;CHEBI:17924;CHEMBL1682;HMDB0000247;50-70-4;OC([C@H](O)[C@@H](O)[C@H](O)CO)CO;C6H14O6;182,17;1,49;-2,2
Sum sukkeralkoholer;Sum sugar alcohols;g/100g;4550;244;6;Sukkerstoffer;Sugars;GRP_SUGOH;g;W;NULL;NULL;NULL;NULL;NULL;NULL;NULL;NULL;NULL;NULL;NULL;NULL;NULL
Stivelse/Glykogen;Starch/Glycogen;g/100g;5010;243;14;Kostfibre og stivelse;Dietary fibre and starch;STARCH;g;W;RF-00009550-PAR;Starch;NULL;NULL;NULL;NULL;NULL;NULL;NULL;NULL;NULL;NULL;NULL
Cellulose;Cellulose;g/100g;5110;112;14;Kostfibre og stivelse;Dietary fibre and starch;CELLU;g;W;RF-00000101-ADD;Cellulose;NULL;C00760;CHEBI:18246;NULL;NULL;9004-34-6;NULL;(C6H10O5)n;NULL;NULL;NULL
Lignin;Lignin;g/100g;5210;181;14;Kostfibre og stivelse;Dietary fibre and starch;LIGN;g;W;RF-00000323-NTR;lignin;7934;C05615;CHEBI:6457;NULL;NULL;9005-53-2;NULL;(C31H34O11)n;NULL;NULL;NULL
Uopløselige kostfibre;Insoluble dietary fibers;g/100g;5310;414;14;Kostfibre og stivelse;Dietary fibre and starch;FIBINS;g;W;RF-00000285-NTR;fibre, water-insoluble;NULL;NULL;NULL;NULL;NULL;NULL;NULL;NULL;NULL;NULL;NULL
Høj molekylevægt opløselige kostfibre;High molecular weight soluble dietary fibre ;g/100g;5320;415;14;Kostfibre og stivelse;Dietary fibre and starch;FIBHMWS;g;W;NULL;NULL;NULL;NULL;NULL;NULL;NULL;NULL;NULL;NULL;NULL;NULL;NULL
Lav molekylevægt opløselige kostfibre;Low molecular weight soluble dietary fibre ;g/100g;5330;416;14;Kostfibre og stivelse;Dietary fibre and starch;FIBLMW;g;W;NULL;NULL;NULL;NULL;NULL;NULL;NULL;NULL;NULL;NULL;NULL;NULL;NULL
Crude fibre;Crude fibre;g/100g;5410;123;14;Kostfibre og stivelse;Dietary fibre and starch;FIBC;g;W;RF-00000283-NTR;fibre, crude;NULL;NULL;NULL;NULL;NULL;NULL;NULL;NULL;NULL;NULL;NULL
Neutral detergent fibre;Neutral detergent fibre;g/100g;5420;202;14;Kostfibre og stivelse;Dietary fibre and starch;FIBT;g;W;NULL;NULL;NULL;NULL;NULL;NULL;NULL;NULL;NULL;NULL;NULL;NULL;NULL
L-mælkesyre;L-lactic acid;g/100g;6010;178;5;Organiske syrer;Organic acids;LACACL;g;W;RF-00000324-NTR;L-lactic acid;107689;C00186;CHEBI:422;CHEMBL330546;HMDB0000190;79-33-4;C[C@@H](C(=O)O)O;C3H6O3;90,078;1,21;-0,7
D-mælkesyre;D-lactic acid;g/100g;6020;125;5;Organiske syrer;Organic acids;LACACD;g;W;RF-00000075-NTR;RF-00000075-NTR;61503;C00256;CHEBI:16004;CHEMBL358850;HMDB0001311;10326-41-7;C[C@H](C(=O)O)O;C3H6O3;90,078;1,21;NULL
Mælkesyre;Lactic acid;g/100g;6030;192;5;Organiske syrer;Organic acids;LACAC;g;W;RF-00000167-ADD;Lactic acid;612;C01432;CHEBI:28358;CHEMBL1200559;HMDB0000190;50-21-5;CC(O)C(=O)O;C3H6O3;90,078;1,206;-0,7
Citronsyre;Citric acid;g/100g;6110;119;5;Organiske syrer;Organic acids;CITAC;g;W;RF-00000103-ADD;Citric acid;311;D00037;CHEBI:30769;CHEMBL1261;HMDB0000094;77-92-9;OC(=O)CC(O)(C(=O)O)CC(=O)O;C6H8O7;192,123;1,665;-1,7
Oxalsyre;Oxalic acid;g/100g;6120;209;5;Organiske syrer;Organic acids;OXALAC;g;W;RF-00000356-NTR;oxalic acid;971;C00209;CHEBI:16995;CHEMBL146755;HMDB0002329;144-62-7;C(=O)(C(=O)O)O;C2H2O4;90,034;1,9;-0,3
Æblesyre;Malic acid;g/100g;6130;302;5;Organiske syrer;Organic acids;MALAC;g;W;RF-00000184-ADD;Malic acid;525;C00149;CHEBI:6650;CHEMBL1455497;HMDB0000744;97-67-6;C([C@@H](C(=O)O)O)C(=O)O;C4H6O5;134,087;1,609;-1,3
Propionsyre;Propionic acid;g/100g;6170;217;5;Organiske syrer;Organic acids;PROPAC;g;W;RF-00000256-ADD;Propionic acid;1032;C00163;CHEBI:30768;CHEMBL14021;HMDB0000237;79-09-4;CCC(=O)O;C3H6O2;74,079;0,98797;0,3
Benzosyre;Benzoic acid;mg/100g;6210;41;5;Organiske syrer;Organic acids;BENAC;mg;W;RF-00000052-ADD;Benzoic acid;243;D00038;CHEBI:30746;CHEMBL541;HMDB0001870;65-85-0;O=C(O)c1ccccc1;C7H6O2;122,123;1,33;1.9
Sum organiske syrer;Sum organic acids;g/100g;6310;208;5;Organiske syrer;Organic acids;OA;g;W;RF-00000355-NTR;organic acids, total;NULL;NULL;NULL;NULL;NULL;NULL;NULL;NULL;NULL;NULL;NULL
C4:0;C4:0;g/100g;7010;103;7;Mættede fedtsyrer;Saturated fatty acids;F4:0;g;W;RF-00000246-NTR;fatty acid 4:0 (butyric acid);264;C00246;CHEBI:30772;CHEMBL14227;HMDB0000039;107-92-6;O=C(O)CCC;C4H8O2;88,106;0,9528;0,8
C6:0;C6:0;g/100g;7020;104;7;Mættede fedtsyrer;Saturated fatty acids;F6:0;g;W;RF-00000247-NTR;fatty acid 6:0 (caproic acid);8892;C01585;CHEBI:30776;CHEMBL14184;HMDB0000535;142-62-1;CCCCCC(=O)O;C6H12O2;116,16;0,929;1,9
C8:0;C8:0;g/100g;7030;105;7;Mættede fedtsyrer;Saturated fatty acids;F8:0;g;W;RF-00000248-NTR;fatty acid 8:0 (caprylic acid);379;D05220;CHEBI:28837;CHEMBL324846;HMDB0000482;124-07-2;CCCCCCCC(=O)O;C8H16O2;144,214;0,91;3
C10:0;C10:0;g/100g;7040;48;7;Mættede fedtsyrer;Saturated fatty acids;F10:0;g;W;RF-00000089-NTR;fatty acid 10:0 (capric acid);2969;C01571;CHEBI:30813;CHEMBL107498;HMDB0000511;334-48-5;O=C(O)CCCCCCCCC;C10H20O2;172,268;0,893;4,1
C12:0;C12:0;g/100g;7050;49;7;Mættede fedtsyrer;Saturated fatty acids;F12:0;g;W;RF-00000095-NTR;fatty acid 12:0 (lauric acid);3893;C02679;CHEBI:30805;CHEMBL108766;HMDB0000638;143-07-7;O=C(O)CCCCCCCCCCC;C12H24O2;200,322;1,007;4,5
C13:0;C13:0;g/100g;7060;50;7;Mættede fedtsyrer;Saturated fatty acids;F13:0;g;W;RF-00000100-NTR;fatty acid 13:0 (tridecanoic acid);12530;C17076;CHEBI:45919;CHEMBL107874;HMDB0000910;638-53-9;O=C(O)CCCCCCCCCCCC;C13H26O2;214,349;0,9;4,7
C14:0;C14:0;g/100g;7070;51;7;Mættede fedtsyrer;Saturated fatty acids;F14:0;g;W;RF-00000102-NTR;fatty acid 14:0 (myristic acid);11005;C06424;CHEBI:28875;CHEMBL111077;HMDB0000806;544-63-8;CCCCCCCCCCCCCC(=O)O;C14H28O2;228,376;0,99;5,4
C15:0;C15:0;g/100g;7080;56;7;Mættede fedtsyrer;Saturated fatty acids;F15:0;g;W;RF-00000109-NTR;fatty acid 15:0 (pentadecylic acid);13849;C16537;CHEBI:42504;CHEMBL460025;HMDB0000826;1002-84-2;O=C(O)CCCCCCCCCCCCCC;C15H30O2;242,4;0,842;5,9
C16:0;C16:0;g/100g;7090;58;7;Mættede fedtsyrer;Saturated fatty acids;F16:0;g;W;RF-00000115-NTR;fatty acid 16:0 (palmitic acid);985;C00249;CHEBI:15756;CHEMBL82293;HMDB0000220;57-10-3;CCCCCCCCCCCCCCCC(=O)O;C16H32O2;256,42;0,852;6,3
C17:0;C17:0;g/100g;7100;63;7;Mættede fedtsyrer;Saturated fatty acids;F17:0;g;W;RF-00000131-NTR;fatty acid 17:0 (margaric acid);10465;NULL;CHEBI:32365;CHEMBL1172910;HMDB0002259;506-12-7;O=C(O)CCCCCCCCCCCCCCCC;C17H34O2;270,45;0,853;6,7
C18:0;C18:0;g/100g;7110;65;7;Mættede fedtsyrer;Saturated fatty acids;F18:0;g;W;RF-00000136-NTR;fatty acid 18:0 (stearic acid);5281;C01530;CHEBI:28842;CHEMBL46403;HMDB0000827;57-11-4;CCCCCCCCCCCCCCCCCC(=O)O;C18H36O2;284,484;0,94;7,2
C20:0;C20:0;g/100g;7120;77;7;Mættede fedtsyrer;Saturated fatty acids;F20:0;g;W;RF-00000188-NTR;fatty acid 20:0 (arachidic acid);10467;C06425;CHEBI:28822;CHEMBL1173381;HMDB0002212;506-30-9;O=C(O)CCCCCCCCCCCCCCCCCCC;C20H40O2;312,538;0,824;8,1
C21:0;C21:0;g/100g;7130;409;7;Mættede fedtsyrer;Saturated fatty acids;F21:0;g;W;RF-00000214-NTR;fatty acid 21:0;16898;NULL;CHEBI:39248;CHEMBL1172909;HMDB0002345;2363-71-5;CCCCCCCCCCCCCCCCCCCCC(=O)O;C21H42O2;326,55;0,9;8,6
C22:0;C22:0;g/100g;7140;89;7;Mættede fedtsyrer;Saturated fatty acids;F22:0;g;W;RF-00000217-NTR;fatty acid 22:0 (behenic acid);8215;C08281;CHEBI:28941;CHEMBL1173474;HMDB0000944;112-85-6;O=C(O)CCCCCCCCCCCCCCCCCCCCC;C22H44O2;340,58;NULL;9,1
C23:0;C23:0;g/100g;7150;413;7;Mættede fedtsyrer;Saturated fatty acids;F23:0;g;W;RF-00000239-NTR;fatty acid 23:0 (tricosanoic acid);17085;NULL;CHEBI:42394;CHEMBL1173462;HMDB0001160;2433-96-7;CCCCCCCCCCCCCCCCCCCCCCC(=O)O;C23H46O2;354,61;0,88;9,4
C24:0;C24:0;g/100g;7160;100;7;Mættede fedtsyrer;Saturated fatty acids;F24:0;g;W;RF-00000240-NTR;fatty acid 24:0 (lignoceric acid);11197;C08320;CHEBI:28866;CHEMBL1173620;HMDB0002003;557-59-5;O=C(O)CCCCCCCCCCCCCCCCCCCCCCC;C24H48O2;368,63;0,879;10
C12:1,n-1;C12:1,n-1;g/100g;8010;401;8;Monoumættede fedtsyrer;Monounsaturated fatty acids;F12:1CIS;g;W;NULL;NULL;125207;NULL;CHEBI:38381;NULL;HMDB0032248;65423-25-8;C=CCCCCCCCCCC(=O)O;C12H22O2;198,302;NULL;4,4
C14:1,n-5;C14:1,n-5;g/100g;8020;52;8;Monoumættede fedtsyrer;Monounsaturated fatty acids;F14:1CN5;g;W;RF-00000106-NTR;fatty acid 14:1 (myristoleic acid);5281119;C08322;CHEBI:27781;CHEMBL456732;HMDB0002000;544-64-9;O=C(O)CCCCCCC\C=C/CCCC;C14H26O2;226,36;NULL;4,7
C15:1,n-5;C15:1,n-5;g/100g;8030;57;8;Monoumættede fedtsyrer;Monounsaturated fatty acids;F15:1CIS;g;W;NULL;NULL;5312411;NULL;CHEBI:75089;CHEMBL1173463;NULL;84743-29-3;CCCC/C=C\CCCCCCCCC(=O)O;C15H28O2;240,38;NULL;5,2
C16:1,n-7;C16:1,n-7;g/100g;8040;59;8;Monoumættede fedtsyrer;Monounsaturated fatty acids;F16:1CN7;g;W;RF-00000122-NTR;fatty acid 16:1 n-7 cis (palmitoleic acid);445638;C08362;CHEBI:28716;CHEMBL453509;HMDB0003229;373-49-9;O=C(O)CCCCCCC\C=C/CCCCCC;C16H30O2;254;0,894;5,6
C17:1,n-7;C17:1,n-7;g/100g;8050;64;8;Monoumættede fedtsyrer;Monounsaturated fatty acids;F17:1CIS;g;W;NULL;NULL;5312435;NULL;CHEBI:75094;NULL;HMDB0060038;29743-97-3;CCCCCC/C=C\CCCCCCCCC(=O)O;C17H32O2;268,43;NULL;6,1
C18:1,n-7;C18:1,n-7;g/100g;8060;66;8;Monoumættede fedtsyrer;Monounsaturated fatty acids;F18:1CN7;g;W;RF-00000159-NTR;fatty acid 18:1 n-7 cis;5282761;C21944;CHEBI:50464;CHEMBL1236642;HMDB0240219;506-17-2;CCCCCC/C=C\CCCCCCCCCC(=O)O;C18H34O2;282,46;NULL;6,5
C18:1,n-9;C18:1,n-9;g/100g;8070;67;8;Monoumættede fedtsyrer;Monounsaturated fatty acids;F18:1CN9;g;W;RF-00000163-NTR;fatty acid 18:1 n-9 cis (oleic acid);445639;C00712;CHEBI:16196;CHEMBL8659;HMDB0000207;112-80-1;CCCCCCCC\C=C/CCCCCCCC(O)=O;C18H34O2;282;0,895;6,5
C18:1,n-12;C18:1,n-12;g/100g;8075;425;8;Monoumættede fedtsyrer;Monounsaturated fatty acids;F18:1CN12;g;W;Ornithine;fatty acid 18:1 n-12 cis;5281125;C08363;CHEBI:28194;CHEMBL3139878;HMDB0304458;593-39-5;CCCCCCCCCCC\C=C/CCCCC(O)=O;C18H34O2;282.468;NULL;6,5
C20:1,n-9;C20:1,n-9;g/100g;8080;347;8;Monoumættede fedtsyrer;Monounsaturated fatty acids;F20:1CN9;g;W;RF-00000194-NTR;fatty acid 20:1 n-9 cis;5282768;C16526;CHEBI:32425;NULL;HMDB0002231;5561-99-9;CCCCCCCC/C=C\CCCCCCCCCC(=O)O;C20H38O2;310,51;0,883;7,4
C20:1,n-11;C20:1,n-11;g/100g;8090;78;8;Monoumættede fedtsyrer;Monounsaturated fatty acids;F20:1CN11;g;W;RF-00000192-NTR;fatty acid 20:1 n-11 cis;5282767;NULL;CHEBI:32419;NULL;HMDB0062436;29204-02-2;O=C(O)CCCCCCC\C=C/CCCCCCCCCC;C20H38O2;310,522;NULL;7,5
C20:1,n-15;C20:1,n-15;g/100g;8095;424;8;Monoumættede fedtsyrer;Monounsaturated fatty acids;NULL;g;W;NULL;NULL;5312522;NULL;CHEBI:180277;NULL;NULL;7/9/50;OC(=O)CCC/C=C\CCCCCCCCCCCCCC;C20H38O2;310.522;NULL;7,4
C22:1,n-9;C22:1,n-9;g/100g;8100;92;8;Monoumættede fedtsyrer;Monounsaturated fatty acids;F22:1CN9;g;W;NULL;NULL;5281116;C08316;CHEBI:28792;CHEMBL1173380;HMDB0002068;112-86-7;O=C(O)CCCCCCCCCCC\C=C/CCCCCCCC;C22H42O2;338,576;0,86;8,4
C22:1,n-11;C22:1,n-11;g/100g;8110;90;8;Monoumættede fedtsyrer;Monounsaturated fatty acids;F22:1CN11;g;W;RF-00000220-NTR;fatty acid 22:1 n-11 cis (cetoleic acid);5282771;NULL;CHEBI:32428;NULL;HMDB0002884;1002-96-6;CCCCCCCCCC/C=C\CCCCCCCCCC(=O)O;C22H42O2;338,58;NULL;8,4
C24:1,n-9;C24:1,n-9;g/100g;8120;101;8;Monoumættede fedtsyrer;Monounsaturated fatty acids;F24:1CN9;g;W;RF-00000242-NTR;fatty acid 24:1 n-9 cis;5281120;C08323;CHEBI:44247;CHEMBL1173379;HMDB0002368;506-37-6;O=C(O)CCCCCCCCCCCCC\C=C/CCCCCCCC;C24H46O2;366,62;0,901;9,3
C14:1,n-5,trans;C14:1,n-5,trans;g/100g;8510;53;8;Monoumættede fedtsyrer;Monounsaturated fatty acids;F14:1TN5;g;W;RF-00000108-NTR;fatty acid 14:1 trans (myristelaidic acid);5312402;NULL;CHEBI:131381;NULL;HMDB0062248;50286-30-1;OC(=O)CCCCCCC/C=C/CCCC;C14H26O2;226,35;NULL;4,7
C16:1,n-7,trans;C16:1,n-7,trans;g/100g;8520;60;8;Monoumættede fedtsyrer;Monounsaturated fatty acids;F16:1TN7;g;W;RF-00000123-NTR;fatty acid 16:1 n-7 trans;5282745;NULL;CHEBI:59265;NULL;HMDB0012328;10030-73-6;CCCCCC\C=C\CCCCCCCC(O)=O;C16H30O2;254,41;NULL;5,6
C18:1,trans;C18:1,trans;g/100g;8530;70;8;Monoumættede fedtsyrer;Monounsaturated fatty acids;F18:1TRS;g;W;RF-00000166-NTR;fatty acid 18:1 total trans;NULL;NULL;NULL;NULL;NULL;NULL;NULL;C18H34O2;282,46;0,8734;6,5
C20:1,trans;C20:1,trans;g/100g;8540;79;8;Monoumættede fedtsyrer;Monounsaturated fatty acids;F20:1TRS;g;W;RF-00000196-NTR;fatty acid 20:1 trans;NULL;NULL;NULL;NULL;NULL;NULL;NULL;C20H38O2;310,514;NULL;7,5
C22:1,trans;C22:1,trans;g/100g;8550;93;8;Monoumættede fedtsyrer;Monounsaturated fatty acids;F22:1TRS;g;W;NULL;NULL;NULL;NULL;NULL;NULL;NULL;NULL;NULL;C22H42O2;338,568;NULL;8,4
C18:2,n-6;C18:2,n-6;g/100g;9010;71;9;Polyumættede fedtsyrer;Polyunsaturated fatty acids;F18:2CN6;g;W;RF-00000170-NTR;fatty acid 18:2 cis,cis n-6;5280450;C01595;CHEBI:17351;CHEMBL267476;HMDB0000673;60-33-3;CCCCC/C=C\C/C=C\CCCCCCCC(=O)O;C18H32O2;280,452;0,9;6,1
C18:2,konjugeret;C18:2,conjugated;g/100g;9020;72;9;Polyumættede fedtsyrer;Polyunsaturated fatty acids;F18:2CON;g;W;RF-00000171-NTR;fatty acid 18:2 conjugated;NULL;NULL;NULL;NULL;NULL;NULL;NULL;NULL;280,452;NULL;NULL
C18:3,n-3;C18:3,n-3;g/100g;9030;74;9;Polyumættede fedtsyrer;Polyunsaturated fatty acids;F18:3CN3;g;W;RF-00000179-NTR;fatty acid 18:3 cis,cis,cis n-3;5280934;C06427;CHEBI:27432;CHEMBL8739;HMDB0001388;463-40-1;O=C(O)CCCCCCC\C=C/C\C=C/C\C=C/CC;C18H30O2;278,436;0,9164;5,8
C18:3,n-6;C18:3,n-6;g/100g;9040;75;9;Polyumættede fedtsyrer;Polyunsaturated fatty acids;F18:3CN6;g;W;RF-00000182-NTR;fatty acid 18:3 n-6 (gamma-linolenic acid);5280933;C06426;CHEBI:28661;CHEMBL464982;HMDB0003073;506-26-3;O=C(O)CCCC\C=C/C\C=C/C\C=C/CCCCC;C18H30O2;278,436;0,92;5,8
C18:4,n-3;C18:4,n-3;g/100g;9050;76;9;Polyumættede fedtsyrer;Polyunsaturated fatty acids;F18:4CN3;g;W;RF-00000184-NTR;fatty acid 18:4 (stearidonic acid);5312508;C16300;CHEBI:32389;CHEMBL484430;HMDB0006547;20290-75-9;O=C(O)CCCC\C=C/C\C=C/C\C=C/C\C=C/CC;C18H28O2;276,42;0,92;5,5
C20:2,n-6;C20:2,n-6;g/100g;9060;80;9;Polyumættede fedtsyrer;Polyunsaturated fatty acids;F20:2CN6;g;W;RF-00000199-NTR;fatty acid 20:2 n-6 cis;6439848;C16525;CHEBI:73731;CHEMBL464983;HMDB0005060;2091-39-6;CCCCC/C=C\C/C=C\CCCCCCCCCC(=O)O;C20H36O2;308,5;NULL;7
C20:3,n-3;C20:3,n-3;g/100g;9070;82;9;Polyumættede fedtsyrer;Polyunsaturated fatty acids;F20:3CN3;g;W;RF-00000202-NTR;fatty acid 20:3 n-3 cis;5312529;C16522;CHEBI:53460;CHEMBL453991;HMDB0060039;17046-59-2;CC\C=C/C\C=C/C\C=C/CCCCCCCCCC(=O)O;C20H34O2;306,483;NULL;6,6
C20:3,n-6;C20:3,n-6;g/100g;9080;85;9;Polyumættede fedtsyrer;Polyunsaturated fatty acids;F20:3CN6;g;W;RF-00000204-NTR;fatty acid 20:3 n-6 cis;5280581;C03242;CHEBI:53486;CHEMBL465183;HMDB0002925;1783-84-2;CCCCC/C=C\C/C=C\C/C=C\CCCCCCC(=O)O;C20H34O2;306,49;NULL;6,7
C20:4,n-3;C20:4,n-3;g/100g;9090;349;9;Polyumættede fedtsyrer;Polyunsaturated fatty acids;F20:4CN3;g;W;RF-00000207-NTR;fatty acid 20:4 n-3;11722594;NULL;CHEBI:71488;NULL;HMDB0002177;24880-40-8;CC/C=C\C/C=C\C/C=C\C/C=C\CCCCCCC(=O)O;C20H32O2;304,467;NULL;6,4
C20:4,n-6;C20:4,n-6;g/100g;9100;86;9;Polyumættede fedtsyrer;Polyunsaturated fatty acids;F20:4CN6;g;W;RF-00000208-NTR;fatty acid 20:4 n-6 (arachidonic acid);444899;C00219;CHEBI:15843;CHEMBL15594;HMDB0001043;506-32-1;CCCCC/C=C\C/C=C\C/C=C\C/C=C\CCCC(=O)O;C20H32O2;304;0,922;6,4
C20:5,n-3;C20:5,n-3;g/100g;9110;87;9;Polyumættede fedtsyrer;Polyunsaturated fatty acids;F20:5CN3;g;W;RF-00000211-NTR;fatty acid 20:5 n-3 (timnodonic acid);446284;C06428;CHEBI:28364;CHEMBL460026;HMDB0001999;10417-94-4;CC\C=C/C\C=C/C\C=C/C\C=C/C\C=C/CCCC(O)=O;C20H30O2;302,451;NULL;6,1
C21:5,n-3;C21:5,n-3;g/100g;9115;428;9;Polyumættede fedtsyrer;Polyunsaturated fatty acids;F21:5CN3;mg;W;RF-00000216-NTR;fatty acid 21:5 n-3 (heneicosapentaenoic acid);11998573;NULL;CHEBI:165480;NULL;NULL;24257-10-1;CC/C=C\C/C=C\C/C=C\C/C=C\C/C=C\CCCCC(=O)O;C21H32O2;316.5;NULL;6,3
C22:2,n-6;C22:2,n-6;g/100g;9120;410;9;Polyumættede fedtsyrer;Polyunsaturated fatty acids;F22:2CN6;g;W;RF-00000224-NTR;fatty acid 22:2 n-6 cis;5312554;C16533;CHEBI:75117;NULL;HMDB0062219;61012-47-3;CCCCC/C=C\C/C=C\CCCCCCCCCCCC(=O)O;C22H40O2;336,552;NULL;7,8
C22:3,n-3;C22:3,n-3;g/100g;9125;426;9;Polyumættede fedtsyrer;Polyunsaturated fatty acids;F22:3CN3;g;W;RF-00000225-NTR;fatty acid 22:3 n-3 cis;5312557;NULL;CHEBI:77807;NULL;HMDB0002823;28845-86-5;CC/C=C\C/C=C\C/C=C\CCCCCCCCCCCC(=O)O;C22H38O2;334.536;NULL;7,6
C22:4,n-6;C22:4,n-6;g/100g;9130;411;9;Polyumættede fedtsyrer;Polyunsaturated fatty acids;F22:4CN6;g;W;RF-00000229-NTR;fatty acid 22:4 n-6 cis;5497181;C16527;CHEBI:53487;CHEMBL1491103;HMDB0002226;28874-58-0;CCCCC/C=C\C/C=C\C/C=C\C/C=C\CCCCCC(=O)O;C22H36O2;332,5;NULL;7,3
C22:5,n-3;C22:5,n-3;g/100g;9140;98;9;Polyumættede fedtsyrer;Polyunsaturated fatty acids;F22:5CN3;g;W;RF-00000231-NTR;fatty acid 22:5 n-3 (clupanodonic acid);5497182;C16513;CHEBI:53488;CHEMBL496634;HMDB0006528;24880-45-3;O=C(O)CCCCC/C=C\C\C=C/C\C=C/C\C=C/C\C=C/CC;C22H34O2;330,504;NULL;7
C22:5,n-6;C22:5,n-6;g/100g;9150;412;9;Polyumættede fedtsyrer;Polyunsaturated fatty acids;F22:5N6;g;W;RF-00000234-NTR;fatty acid 22:5 n-6 cis;5282848;NULL;CHEBI:65136;NULL;HMDB0001976;25182-74-5;CCCCC/C=C\C/C=C\C/C=C\C/C=C\C/C=C\CCC(=O)O;C22H34O2;330,504;NULL;7
C22:6,n-3;C22:6,n-3;g/100g;9160;99;9;Polyumættede fedtsyrer;Polyunsaturated fatty acids;F22:6CN3;g;W;RF-00000236-NTR;fatty acid 22:6 n-3 (docosahexaenoic acid);445580;C06429;CHEBI:28125;CHEMBL367149;HMDB0002183;6217-54-5;O=C(O)CC\C=C/C/C=C\C\C=C/C\C=C/C\C=C/C\C=C/CC;C22H32O2;328,488;0,943;6,7
C18:2,trans;C18:2,trans;g/100g;9510;73;9;Polyumættede fedtsyrer;Polyunsaturated fatty acids;F18:2TRS;g;W;RF-00000176-NTR;fatty acid 18:2 trans;NULL;NULL;NULL;NULL;NULL;NULL;NULL;NULL;280,45;NULL;NULL
C18:3,trans;C18:3,trans;g/100g;9519;355;9;Polyumættede fedtsyrer;Polyunsaturated fatty acids;F18:3TRS;g;W;NULL;NULL;NULL;NULL;NULL;NULL;NULL;NULL;NULL;NULL;NULL;NULL;NULL
Andre fedtsyrer;Other fatty acids;g/100g;10010;24;10;Fedtsyrer, summer;Fatty acids sums;FAUN;g;W;NULL;NULL;NULL;NULL;NULL;NULL;NULL;NULL;NULL;NULL;NULL;NULL;NULL
Sum mættede fedtsyrer;Sum saturated fatty acids;g/100g;10110;248;10;Fedtsyrer, summer;Fatty acids sums;FASAT;g;W;RF-00000278-NTR;fatty acids, total saturated;NULL;NULL;NULL;NULL;NULL;NULL;NULL;NULL;NULL;NULL;NULL
Sum enkeltumættede fedtsyrer;Sum monounsaturated fatty acids;g/100g;10120;247;10;Fedtsyrer, summer;Fatty acids sums;FAMS;g;W;RF-00000269-NTR;fatty acids, total monounsaturated;NULL;NULL;NULL;NULL;NULL;NULL;NULL;NULL;NULL;NULL;NULL
Sum flerumættede fedtsyrer;Sum polyunsaturated fatty acids;g/100g;10130;251;10;Fedtsyrer, summer;Fatty acids sums;FAPU;g;W;RF-00000274-NTR;fatty acids, total polyunsaturated;NULL;NULL;NULL;NULL;NULL;NULL;NULL;NULL;NULL;NULL;NULL
Sum transfedtsyrer;Sum trans fatty acids;g/100g;10140;261;10;Fedtsyrer, summer;Fatty acids sums;FATRS;g;W;RF-00000279-NTR;fatty acids, total trans;NULL;NULL;NULL;NULL;NULL;NULL;NULL;NULL;NULL;NULL;NULL
Sum fedtsyrer under detektionsgrænsen;Sum fatty acids below the detection limit;g/100g;10144;427;10;Fedtsyrer, summer;Fatty acids sums;NULL;g;W;NULL;NULL;NULL;NULL;NULL;NULL;NULL;NULL;NULL;NULL;NULL;NULL;NULL
Sum fedtsyrer;Sum fatty acids;g/100g;10150;340;10;Fedtsyrer, summer;Fatty acids sums;FACID;g;W;RF-00000263-NTR;fatty acids, total;NULL;NULL;NULL;NULL;NULL;NULL;NULL;NULL;NULL;NULL;NULL
Sum n-3 fedtsyrer;Sum n-3 fatty acids;g/100g;10160;249;10;Fedtsyrer, summer;Fatty acids sums;FAN3;g;W;NULL;NULL;NULL;NULL;NULL;NULL;NULL;NULL;NULL;NULL;NULL;NULL;NULL
Sum n-6 fedtsyrer;Sum n-6 fatty acids;g/100g;10170;250;10;Fedtsyrer, summer;Fatty acids sums;FAN6;g;W;NULL;NULL;NULL;NULL;NULL;NULL;NULL;NULL;NULL;NULL;NULL;NULL;NULL
Kolesterol;Cholesterol;mg/100g;11010;115;12;Steroler;Sterols;CHORL;mg;W;RF-00000052-NTR;RF-00000052-NTR;5997;D00040;CHEBI:16113;CHEMBL112570;HMDB0000067;57-88-5;C[C@H](CCCC(C)C)[C@H]1CC[C@@H]2[C@@]1(CC[C@H]3[C@H]2CC=C4[C@@]3(CC[C@@H](C4)O)C)C;C27H46O;386,65;1,052;7,3
Nitrogen;Nitrogen;g/100g;12010;300;11;Aminosyrer og Nitrogen;Amino acids and Nitrogen;NT;g;W;RF-00000081-CHE;Nitrogen (N);3965;C00697;CHEBI:17997;CHEMBL142438;HMDB0001371;7727-37-9;N;N;14,007;NULL;NULL
Isoleucin;Isoleucine;mg/100g;12110;161;11;Aminosyrer og Nitrogen;Amino acids and Nitrogen;ILE;mg;W;RF-00000316-NTR;L-isoleucine;6306;D00065;CHEBI:17191;CHEMBL1233584;HMDB0000172;73-32-5;CC[C@H](C)[C@@H](C(=O)O)N;C6H13NO2;131,175;1,23;-1,7
Leucin;Leucine;mg/100g;12120;180;11;Aminosyrer og Nitrogen;Amino acids and Nitrogen;LEU;mg;W;RF-00000321-NTR;leucine;6106;D00030;CHEBI:15603;CHEMBL291962;HMDB0000687;61-90-5;CC(C)C[C@@H](C(=O)O)N;C6H13NO2;131,175;1,191;-1,5
Lysin;Lysine;mg/100g;12130;183;11;Aminosyrer og Nitrogen;Amino acids and Nitrogen;LYS;mg;W;RF-00000327-NTR;lysine;3349;C00047;CHEBI:18019;CHEMBL8085;HMDB0000182;56-87-1;C(CCN)C[C@@H](C(=O)O)N;C6H14N2O2;146,19;NULL;-3,1
Methionin;Methionine;mg/100g;12140;189;11;Aminosyrer og Nitrogen;Amino acids and Nitrogen;MET;mg;W;RF-00000343-NTR;L-Methionine;6137;C00073;CHEBI:16643;CHEMBL42336;HMDB0000696;63-68-3;CSCC[C@H](N)C(=O)O;C5H11NO2S;149,21;1,34;-1,9
Cystin;Cystine;mg/100g;12150;124;11;Aminosyrer og Nitrogen;Amino acids and Nitrogen;CYS;mg;W;RF-00000060-NTR;L-cystine;67678;C00491;CHEBI:16283;CHEMBL590540;HMDB0000192;56-89-3;C([C@@H](C(=O)O)N)SSC[C@@H](C(=O)O)N;C6H12N2O4S2;240,29;1,67;NULL
Phenylalanin;Phenylalanine;mg/100g;12160;211;11;Aminosyrer og Nitrogen;Amino acids and Nitrogen;PHE;mg;W;RF-00010457-PAR;L-Phenylalanine;6140;D00021;CHEBI:17295;CHEMBL301523;HMDB0000159;63-91-2;N[C@@H](CC1=CC=CC=C1)C(O)=O;C9H11NO2;165,192;1,34;-1,4
Tyrosin;Tyrosine;mg/100g;12170;264;11;Aminosyrer og Nitrogen;Amino acids and Nitrogen;TYR;mg;W;RF-00000417-NTR;tyrosine;6057;C00082;CHEBI:17895;CHEMBL925;HMDB0000158;60-18-4;N[C@@H](Cc1ccc(O)cc1)C(O)=O;C9H11NO3;181,191;1,456;-2,2
Threonin;Threonine;mg/100g;12180;258;11;Aminosyrer og Nitrogen;Amino acids and Nitrogen;THR;mg;W;RF-00009903-PAR;L-threonine;6288;C00188;CHEBI:16857;CHEMBL291747;HMDB0000167;72-19-5;C[C@H]([C@@H](C(=O)O)N)O;C4H9NO3;119,12;1,45;-2,9
Tryptofan;Tryptophan;mg/100g;12190;262;11;Aminosyrer og Nitrogen;Amino acids and Nitrogen;TRP;mg;W;RF-00000416-NTR;L-tryptophan;6305;D00020;CHEBI:16828;CHEMBL54976;HMDB0000929;73-22-3;c1ccc2c(c1)c(c[nH]2)C[C@@H](C(=O)O)N;C11H12N2O2;204,229;1,34;-1,1
Valin;Valine;mg/100g;12200;266;11;Aminosyrer og Nitrogen;Amino acids and Nitrogen;VAL;mg;W;RF-00000419-NTR;L-Valine;6287;D00039;CHEBI:16414;CHEMBL43068;HMDB0000883;72-18-4;CC(C)[C@@H](C(=O)O)N;C5H11NO2;117,148;1,316;-2,2
Arginin;Arginine;mg/100g;12210;31;11;Aminosyrer og Nitrogen;Amino acids and Nitrogen;ARG;mg;W;RF-00010348-PAR;L-Arginine;6322;C00062;CHEBI:16467;CHEMBL1485;HMDB0000517;74-79-3;C(C[C@@H](C(=O)O)N)CN=C(N)N;C6H14N4O2;174,204;1,42;-3,5
Histidin;Histidine;mg/100g;12220;159;11;Aminosyrer og Nitrogen;Amino acids and Nitrogen;HIS;mg;W;RF-00000306-NTR;histidine;6274;D00032;CHEBI:15971;CHEMBL17962;HMDB0000177;71-00-1;O=C([C@H](CC1=CNC=N1)N)O;C6H9N3O2;155,157;1,55;-3,3
Alanin;Alanine;mg/100g;12230;17;11;Aminosyrer og Nitrogen;Amino acids and Nitrogen;ALA;mg;W;RF-00000005-NTR;alanine;5950;C00041;CHEBI:16977;CHEMBL279597;HMDB0000161;56-41-7;O=C(O)[C@@H](N)C;C3H7NO2;89,094;1,424;-2,8
Asparaginsyre;Aspartic acid;mg/100g;12240;34;11;Aminosyrer og Nitrogen;Amino acids and Nitrogen;ASP;mg;W;RF-00000028-NTR;aspartic acid;5960;C00049;CHEBI:17053;CHEMBL274323;HMDB0000191;56-84-8;C([C@@H](C(=O)O)N)C(=O)O;C4H7NO4;133,11;1,7;-3,7
Glutaminsyre;Glutamic acid;mg/100g;12250;150;11;Aminosyrer og Nitrogen;Amino acids and Nitrogen;GLU;mg;W;RF-00000139-ADD;Glutamic acid;33032;C00025;CHEBI:16015;CHEMBL575060;HMDB0000148;56-86-0;C(CC(=O)O)[C@@H](C(=O)O)N;C5H9NO4;147,13;1,46;-3,7
Glycin;Glycine;mg/100g;12260;153;11;Aminosyrer og Nitrogen;Amino acids and Nitrogen;GLY;mg;W;RF-00000301-NTR;glycine;750;D00011;CHEBI:15428;CHEMBL773;HMDB0000123;56-40-6;C(C(=O)O)N;C2H5NO2;75;1,1607;-3,2
Prolin;Proline;mg/100g;12270;216;11;Aminosyrer og Nitrogen;Amino acids and Nitrogen;PRO;mg;W;RF-00010452-PAR;L-Proline;145742;C00148;CHEBI:26271;CHEMBL72275;HMDB0000162;147-85-3;C1C[C@H](NC1)C(=O)O;C5H9NO2;115,132;1,36;-2,5
Serin;Serine;mg/100g;12280;231;11;Aminosyrer og Nitrogen;Amino acids and Nitrogen;SER;mg;W;RF-00000391-NTR;serine;5951;C00065;CHEBI:17115;CHEMBL11298;HMDB0000187;56-45-1;C([C@@H](C(=O)O)N)O;C3H7NO3;105,093;1,603;-3,1
Hydroxyprolin;Hydroxyproline;mg/100g;12290;400;11;Aminosyrer og Nitrogen;Amino acids and Nitrogen;HYP;mg;W;RF-00000307-NTR;hydroxyproline;5810;C01157;CHEBI:18095;CHEMBL352418;HMDB0000725;51-35-4;C1[C@H](CN[C@@H]1C(=O)O)O;C5H9NO3;131,131;NULL;-3,3
Ornitin;Ornithine;mg/100g;12300;423;11;Aminosyrer og Nitrogen;Amino acids and Nitrogen;NULL;mg;W;NULL;NULL;389;D08302;CHEBI:15729;CHEMBL446143;HMDB0000214;70-26-8;O=C(O)[C@@H](N)CCCN;C5H12N2O2;132.161;NULL;-4,2
Sum essentielle Aminosyrer;Sum essential amino acids;mg/100g;12400;430;11;Aminosyrer og Nitrogen;Amino acids and Nitrogen;AAE8;mg;W;NULL;NULL;NULL;NULL;NULL;NULL;NULL;NULL;NULL;NULL;NULL;NULL;NULL
Sum ikke essentielle aminosyrer ;Sum non-essential amino acids;mg/100g;12410;431;11;Aminosyrer og Nitrogen;Amino acids and Nitrogen;NULL;mg;W;NULL;NULL;NULL;NULL;NULL;NULL;NULL;NULL;NULL;NULL;NULL;NULL;NULL
Histamin;Histamine;mg/100g;13010;158;13;Biogene aminer;Biogenic amines;HISTN;mg;W;RF-00000003-BGA;Histamine;774;D08040;CHEBI:18295;CHEMBL90;HMDB0000870;51-45-6;NCCc1c[nH]cn1;C5H9N3;111,148;NULL;-0,7
Serotonin;Serotonin;mg/100g;13020;232;13;Biogene aminer;Biogenic amines;SEROTN;mg;W;RF-00000478-ORG;Serotonin;4041;C00780;CHEBI:28790;CHEMBL39;HMDB0000259;50-67-9;c1cc2c(cc1O)c(c[nH]2)CCN;C10H12N2O;176,215;NULL;0,2
Cholin;Choline;mg/100g;13022;116;13;Biogene aminer;Biogenic amines;CHOLN;mg;W;RF-00000053-NTR;choline;305;C00114;CHEBI:15354;CHEMBL920;HMDB0000097;62-49-7;C[N+](C)(C)CCO;C5H14NO+;104,17;NULL;NULL
Tyramin;Tyramine;mg/100g;13110;263;13;Biogene aminer;Biogenic amines;TYRA;mg;W;RF-00000007-BGA;Tyramine;5610;C00483;CHEBI:15760;CHEMBL11608;HMDB0000306;51-67-2;Oc1ccc(cc1)CCN;C8H11NO;137,179;NULL;0,9
Phenylethylamin;Phenylethylamine;mg/100g;13120;212;13;Biogene aminer;Biogenic amines;PHETN;mg;W;RF-00000008-BGA;Phenylethylamine;1001;C05332;CHEBI:18397;CHEMBL610;HMDB0012275;64-04-0;c1ccc(cc1)CCN;C8H11N;121,18;0,964;1,4
Putrescin;Putrescine;mg/100g;13130;221;13;Biogene aminer;Biogenic amines;PUTRSC;mg;W;RF-00000004-BGA;Putrescine;1045;C00134;CHEBI:17148;CHEMBL46257;HMDB0001414;110-60-1;NCCCCN;C4H12N2;88,154;0,877;-0,7
Cadaverin;Cadaverine;mg/100g;13140;106;13;Biogene aminer;Biogenic amines;CADAVT;mg;W;RF-00000002-BGA;Cadaverine;273;C01672;CHEBI:18127;CHEMBL119296;HMDB0002322;462-94-2;NCCCCCN;C5H14N2;102,181;0,873;-0,1
Spermin;Spermine;mg/100g;13150;239;13;Biogene aminer;Biogenic amines;SPERN;mg;W;RF-00000006-BGA;Spermine;1103;C00750;CHEBI:15746;CHEMBL23194;HMDB0001256;71-44-3;NCCCNCCCCNCCCN;C10H26N4;202,346;0,937;-0,7
Spermidin;Spermidine;mg/100g;13160;238;13;Biogene aminer;Biogenic amines;SPERDN;mg;W;RF-00000005-BGA;Spermidine;1102;C00315;CHEBI:16610;CHEMBL19612;HMDB0001257;124-20-9;NCCCCNCCCN;C7H19N3;145,25;0,925;-0,7
Sum biogene aminer;Sum biogenic amines;mg/100g;13210;422;13;Biogene aminer;Biogenic amines;GRP_AM;mg;W;RF-00000001-BGA;Biogenic amines;NULL;NULL;NULL;NULL;NULL;NULL;NULL;NULL;NULL;NULL;NULL
Svind;Waste;%;20010;252;2;Faktorer m.m.;Factors etc.;WASTE;PCT;X;RF-00000432-NTR;waste;NULL;NULL;NULL;NULL;NULL;NULL;NULL;NULL;NULL;NULL;NULL
Nitrogen-til-protein faktor;Nitrogen conversion factor;No Unit;20110;219;2;Faktorer m.m.;Factors etc.;NCF;R;X;RF-00000350-NTR;nitrogen conversion factor;NULL;NULL;NULL;NULL;NULL;NULL;NULL;NULL;NULL;NULL;NULL
Fedtsyrekonverteringsfaktor;Fatty acid conversion factor;No Unit;20120;140;2;Faktorer m.m.;Factors etc.;FACF;R;X;RF-00000250-NTR;fatty acid conversion factor;NULL;NULL;NULL;NULL;NULL;NULL;NULL;NULL;NULL;NULL;NULL
Massefylde;Density;g/ml;20210;363;2;Faktorer m.m.;Factors etc.;DEN;g;VM;RF-00000070-NTR;density/specific gravity;NULL;NULL;NULL;NULL;NULL;NULL;NULL;NULL;NULL;NULL;NULL
pH;pH;No Unit;20220;432;2;Faktorer m.m.;Factors etc.;PH;NULL;X;NULL;NULL;NULL;NULL;NULL;NULL;NULL;NULL;NULL;NULL;NULL;NULL;NULL